currency_id,symbol,name,market_cap,price,price_change_percentage_24h,volume_24h,last_updated
27,UNI,Uniswap,10604549262.00,17.6600000000,3.85,1544447219.00,2024-12-13 03:30:23.551122
21,DOT,Polkadot,13793390944.00,9.0600000000,7.52,1205874897.00,2024-12-13 03:30:23.549212
46,WIF,dogwifhat,2950176610.00,2.9600000000,5.85,824105110.00,2024-12-13 03:30:23.565420
57,RUNE,THORChain,2180343850.00,6.4000000000,0.98,458433084.00,2024-12-13 03:30:23.568927
92,JASMY,JasmyCoin,2045986154.00,0.0422657000,2.63,401622918.00,2024-12-13 03:30:23.569934
81,SOLVBTC,Solv Protocol SolvBTC,1438479969.00,99646.0000000000,0.43,8057411.00,2024-12-13 03:30:23.585071
11,TRX,TRON,25671476505.00,0.2977220000,0.79,3734092651.00,2024-12-13 03:30:23.548211
32,TAO,Bittensor,4270354140.00,577.7500000000,0.52,285460733.00,2024-12-13 03:30:23.558242
66,BONK,Bonk,2872278688.00,0.0000379500,2.94,494203981.00,2024-12-13 03:30:23.565420
30,ICP,Internet Computer,6506769038.00,13.6600000000,2.42,441547421.00,2024-12-13 03:30:23.554128
68,PYTH,Pyth Network,1630322208.00,0.4508490000,2.51,185266004.00,2024-12-13 03:30:23.577934
53,RENDER,Render,4933200693.00,9.5300000000,7.02,334769340.00,2024-12-13 03:30:23.556220
33,KAS,Kaspa,4137136032.00,0.1634070000,19.15,247438784.00,2024-12-13 03:30:23.558242
73,EZETH,Renzo Restaked ETH,1522313262.00,3995.5300000000,5.10,7476149.00,2024-12-13 03:30:23.583073
87,ONDO,Ondo,2581414354.00,1.8000000000,4.73,600694294.00,2024-12-13 03:30:23.567421
88,MSOL,Marinade Staked SOL,1248849849.00,282.5500000000,-0.03,14434348.00,2024-12-13 03:30:23.590211
1999,LOCKIN,LOCK IN,95097924.00,0.0956820000,-11.14,5397275.00,2024-11-10 06:16:04.935590
74,KCS,KuCoin,1625553392.00,13.5300000000,3.14,366839.00,2024-12-13 03:30:23.578933
29,PEPE,Pepe,9970679649.00,0.0000236800,3.40,4223993702.00,2024-12-13 03:30:23.552129
48,FIL,Filecoin,4115143105.00,6.7300000000,4.59,751921005.00,2024-12-13 03:30:23.559261
84,NEIRO,Neiro,706326523.00,0.0016760400,17.42,369074963.00,2024-12-13 03:30:23.614360
26,NEAR,NEAR Protocol,8459047467.00,6.9500000000,6.81,897262490.00,2024-12-13 03:30:23.553129
72,POPCAT,Popcat,1209862185.00,1.2400000000,-8.38,135850112.00,2024-12-13 03:30:23.592210
54,FTM,Fantom,3455766775.00,1.2300000000,2.15,589649922.00,2024-12-13 03:30:23.562423
80,GT,Gate,1567399026.00,12.4700000000,4.21,8290988.00,2024-12-13 03:30:23.580072
56,HBAR,Hedera,11201374746.00,0.2952000000,3.18,1596849763.00,2024-12-13 03:30:23.551122
41,WBT,WhiteBIT Coin,3589114994.00,24.9200000000,0.56,29184853.00,2024-12-13 03:30:23.559261
18,LINK,Chainlink,18178430363.00,28.9700000000,2.79,5488354105.00,2024-12-13 03:30:23.548211
55,OP,Optimism,3188289011.00,2.5400000000,1.92,983949451.00,2024-12-13 03:30:23.564420
10,ADA,Cardano,40132114961.00,1.1200000000,15.71,2484002377.00,2024-12-13 03:30:23.547211
3,USDT,Tether,139817448380.00,1.0010000000,0.05,107598987816.00,2024-12-13 03:30:23.543212
43,MNT,Mantle,4280107173.00,1.2700000000,16.14,185547904.00,2024-12-13 03:30:23.558242
78,OM,MANTRA,3799582466.00,4.0200000000,1.75,111598086.00,2024-12-13 03:30:23.559261
59,ATOM,Cosmos Hub,3496249570.00,8.9500000000,-0.14,535668536.00,2024-12-13 03:30:23.562423
71,FLOKI,FLOKI,2313596538.00,0.0002390800,4.50,629699192.00,2024-12-13 03:30:23.568927
20,SUI,Sui,13598348372.00,4.6500000000,19.42,2995015657.00,2024-12-13 03:30:23.550638
7,DOGE,Dogecoin,59822651985.00,0.4066770000,11.74,6815928719.00,2024-12-13 03:30:23.545246
28,APT,Aptos,7574780573.00,13.6700000000,5.62,843890108.00,2024-12-13 03:30:23.553129
34,DAI,Dai,3436853588.00,1.0000000000,0.01,137712440.00,2024-12-13 03:30:23.563420
60,VET,VeChain,4863554790.00,0.0600120000,3.28,284174314.00,2024-12-13 03:30:23.557244
40,AAVE,Aave,5497721195.00,366.2100000000,5.37,3070116520.00,2024-12-13 03:30:23.555128
76,MKR,Maker,1808612969.00,2034.6000000000,-0.67,320308081.00,2024-12-13 03:30:23.572933
15,AVAX,Avalanche,21891520494.00,53.4300000000,2.20,1865093371.00,2024-12-13 03:30:23.548211
36,XLM,Stellar,12847731389.00,0.4258510000,1.16,951678244.00,2024-12-13 03:30:23.551122
85,ALGO,Algorand,3574759410.00,0.4298460000,2.82,641899610.00,2024-12-13 03:30:23.560419
61,BGB,Bitget Token,4419744626.00,3.1600000000,3.03,337095864.00,2024-12-13 03:30:23.557244
91,AERO,Aerodrome Finance,1533400655.00,2.1600000000,7.38,183279381.00,2024-12-13 03:30:23.582074
42,CRO,Cronos,5007048008.00,0.1840340000,-2.68,112967338.00,2024-12-13 03:30:23.556220
49,FDUSD,First Digital USD,1737368910.00,0.9999180000,-0.17,7625709101.00,2024-12-13 03:30:23.576934
63,RETH,Rocket Pool ETH,1976771342.00,4351.6800000000,4.83,17804635.00,2024-12-13 03:30:23.571934
1,BTC,Bitcoin,1980649658130.00,100058.0000000000,0.53,99888087666.00,2024-12-13 03:30:23.542211
45,OKB,OKB,3299915831.00,55.0300000000,5.35,14596675.00,2024-12-13 03:30:23.563420
5,BNB,BNB,103049137739.00,707.0300000000,0.66,1978485431.00,2024-12-13 03:30:23.545246
83,LDO,Lido DAO,2026262601.00,2.2600000000,0.60,718413060.00,2024-12-13 03:30:23.570967
62,SEI,Sei,2429054663.00,0.6101470000,3.75,410720462.00,2024-12-13 03:30:23.567421
90,BEAM,Beam,1853765414.00,0.0352567800,0.74,358634206.00,2024-12-13 03:30:23.572933
65,GRT,The Graph,2729464493.00,0.2854380000,6.53,213919477.00,2024-12-13 03:30:23.566419
50,INJ,Injective,2849550206.00,29.1700000000,7.71,272578565.00,2024-12-13 03:30:23.565420
12,WSTETH,Wrapped stETH,16046385529.00,4598.5900000000,5.22,215786133.00,2024-12-13 03:30:23.549212
86,CBBTC,Coinbase Wrapped BTC,2033375633.00,100227.0000000000,0.51,575619906.00,2024-12-13 03:30:23.570967
37,XMR,Monero,3683497408.00,199.6800000000,-0.76,142399960.00,2024-12-13 03:30:23.559261
35,ETC,Ethereum Classic,5086926597.00,33.9300000000,5.04,806740744.00,2024-12-13 03:30:23.556220
64,JUP,Jupiter,1540783313.00,1.1400000000,8.67,314912195.00,2024-12-13 03:30:23.581073
44,STX,Stacks,3536972985.00,2.3500000000,5.15,297731066.00,2024-12-13 03:30:23.561422
77,THETA,Theta Network,2687045333.00,2.6900000000,5.67,129442334.00,2024-12-13 03:30:23.566419
39,USDE,Ethena USDe,5724302878.00,1.0020000000,0.12,178489035.00,2024-12-13 03:30:23.555128
79,AR,Arweave,1501382082.00,23.0100000000,3.60,334884399.00,2024-12-13 03:30:23.584079
38,POL,POL (ex-MATIC),5219503588.00,0.6247330000,-0.51,397512213.00,2024-12-13 03:30:23.555128
70,RAY,Raydium,1576225534.00,5.4300000000,9.24,244678418.00,2024-12-13 03:30:23.580072
75,WLD,Worldcoin,2357936120.00,3.0800000000,8.17,885896808.00,2024-12-13 03:30:23.568927
13,TON,Toncoin,16223804163.00,6.3600000000,7.13,469309111.00,2024-12-13 03:30:23.549212
51,TIA,Celestia,3258065879.00,7.2400000000,0.93,402076496.00,2024-12-13 03:30:23.564420
25,USDS,USDS,5197823936.00,0.9975810000,0.22,30966404.00,2024-12-13 03:30:23.556220
19,BCH,Bitcoin Cash,10671948129.00,539.2800000000,5.93,520242012.00,2024-12-13 03:30:23.551122
67,ENA,Ethena,3056385006.00,1.0400000000,6.62,768461330.00,2024-12-13 03:30:23.564420
89,BSV,Bitcoin SV,1329111811.00,67.0700000000,4.65,62406328.00,2024-12-13 03:30:23.587072
8,XRP,XRP,134191227012.00,2.3500000000,2.24,11621599114.00,2024-12-13 03:30:23.544211
6,USDC,USDC,41466090921.00,1.0000000000,0.01,13928198393.00,2024-12-13 03:30:23.546212
22,LEO,LEO Token,8827860566.00,9.5500000000,3.76,939770.00,2024-12-13 03:30:23.553129
52,IMX,Immutable,3322455953.00,1.9600000000,5.25,153078260.00,2024-12-13 03:30:23.563420
24,LTC,Litecoin,8997356291.00,119.5600000000,2.10,1498744714.00,2024-12-13 03:30:23.552129
4,SOL,Solana,108690137297.00,227.0800000000,0.08,6478499442.00,2024-12-13 03:30:23.544211
14,SHIB,Shiba Inu,16592225933.00,0.0000281600,15.19,1520044021.00,2024-12-13 03:30:23.549212
9,STETH,Lido Staked Ether,38130645240.00,3879.0800000000,4.59,269320094.00,2024-12-13 03:30:23.547211
174,BLUR,Blur,804230252.00,0.3890440000,4.12,197985741.00,2024-12-13 03:30:23.603248
159,SATS,SATS (Ordinals),497115979.00,2.369E-7,8.81,46165874.00,2024-12-13 03:30:23.629471
145,CBETH,Coinbase Wrapped Staked ETH,704673292.00,4219.7300000000,4.39,13028631.00,2024-12-13 03:30:23.614360
123,CFX,Conflux,1032642646.00,0.2183260000,4.39,151779982.00,2024-12-13 03:30:23.595209
170,TUSD,TrueUSD,496469797.00,1.0020000000,0.06,56363097.00,2024-12-13 03:30:23.630493
148,BOME,BOOK OF MEME,586540222.00,0.0085011400,5.35,394610877.00,2024-12-13 03:30:23.620870
157,CAKE,PancakeSwap,1019467972.00,3.5300000000,1.87,261223860.00,2024-12-13 03:30:23.596212
95,BRETT,Brett,1758756504.00,0.1775140000,9.66,130875249.00,2024-12-13 03:30:23.574935
126,FLR,Flare,1625525233.00,0.0297210900,3.08,32105078.00,2024-12-13 03:30:23.578933
147,SAFE,Safe,665450762.00,1.2900000000,-1.75,43331841.00,2024-12-13 03:30:23.614360
118,SOLVBTC.BBN,Solv Protocol SolvBTC.BBN,1006506127.00,99321.0000000000,0.59,1236293.00,2024-12-13 03:30:23.596212
146,SUPER,SuperVerse,939476579.00,2.0800000000,2.64,96850073.00,2024-12-13 03:30:23.597210
101,PENDLE,Pendle,1001856259.00,6.0700000000,2.85,193422394.00,2024-12-13 03:30:23.596212
156,RON,Ronin,797615234.00,2.1600000000,8.65,42373959.00,2024-12-13 03:30:23.606247
171,FRXETH,Frax Ether,579337962.00,3874.5200000000,6.48,6205950.00,2024-12-13 03:30:23.621868
131,ZEC,Zcash,939296389.00,59.5100000000,-2.66,183115999.00,2024-12-13 03:30:23.598210
116,GRASS,Grass,782957803.00,3.1800000000,1.36,161300763.00,2024-12-13 03:30:23.606247
109,ORDI,ORDI,774709873.00,36.8200000000,7.75,353454644.00,2024-12-13 03:30:23.607247
160,ETHDYDX,dYdX,998022721.00,2.2200000000,8.40,219114400.00,2024-12-13 03:30:23.596212
120,KAIA,Kaia,1610449358.00,0.2748850000,4.30,94917923.00,2024-12-13 03:30:23.578933
161,ROSE,Oasis,765311047.00,0.1135030000,2.42,80848816.00,2024-12-13 03:30:23.608246
179,TWT,Trust Wallet,564884586.00,1.3600000000,1.78,34806970.00,2024-12-13 03:30:23.622896
149,GIGA,Gigachad,663996602.00,0.0691450000,-3.65,27775903.00,2024-12-13 03:30:23.615360
129,W,Wormhole,923868535.00,0.3334130000,7.15,167724321.00,2024-12-13 03:30:23.599236
177,ASTR,Astar,562900269.00,0.0756680000,3.23,73079261.00,2024-12-13 03:30:23.622896
107,EGLD,MultiversX,1325325341.00,47.8300000000,1.45,124777100.00,2024-12-13 03:30:23.588073
158,PYUSD,PayPal USD,490502507.00,0.9999390000,0.00,33370171.00,2024-12-13 03:30:23.630493
119,XEC,eCash,895844729.00,0.0000451000,6.52,53831937.00,2024-12-13 03:30:23.600242
169,DEXE,DeXe,561541845.00,9.8300000000,2.87,9167799.00,2024-12-13 03:30:23.623871
121,NEO,NEO,1301917506.00,18.4600000000,3.33,131606647.00,2024-12-13 03:30:23.589072
176,XDC,XDC Network,1269869062.00,0.0850500000,0.48,39404020.00,2024-12-13 03:30:23.589072
108,AXS,Axie Infinity,1234795430.00,7.9200000000,2.87,244579911.00,2024-12-13 03:30:23.591210
139,PEPECOIN,PepeCoin,455538477.00,4.1400000000,3.94,13440181.00,2024-12-13 03:30:23.634493
114,DYDX,dYdX,998022721.00,2.2200000000,8.73,219114400.00,2024-12-13 03:30:23.596212
167,BNSOL,Binance Staked SOL,1209156981.00,231.5500000000,0.09,4874123.00,2024-12-13 03:30:23.592210
150,MANA,Decentraland,1194404659.00,0.6393630000,2.95,221522192.00,2024-12-13 03:30:23.593209
128,GNO,Gnosis,745568519.00,287.9100000000,5.72,15607931.00,2024-12-13 03:30:23.608246
163,ZK,ZKsync,859112704.00,0.2335660000,4.95,195389355.00,2024-12-13 03:30:23.601247
178,BTC.B,Avalanche Bridged BTC (Avalanche),558670196.00,99811.0000000000,0.15,69972223.00,2024-12-13 03:30:23.623871
143,CKB,Nervos Network,663405549.00,0.0145583200,6.74,96089892.00,2024-12-13 03:30:23.615360
182,BTG,Bitcoin Gold,434418705.00,24.8800000000,4.31,8747041.00,2024-12-13 03:30:23.639054
168,SUPEROETHB,Super OETH,660673060.00,3891.6200000000,4.14,1175791.00,2024-12-13 03:30:23.616360
181,DRIFT,Drift Protocol,345416173.00,1.3000000000,-17.29,82874271.00,2024-12-13 03:30:24.126217
130,XTZ,Tezos,1504271646.00,1.4800000000,3.29,133697966.00,2024-12-13 03:30:23.584079
99,GALA,GALA,2138552195.00,0.0510400000,4.99,578106687.00,2024-12-13 03:30:23.569934
172,FWOG,Fwog,315471054.00,0.3304390000,13.02,33934531.00,2024-12-13 03:30:24.129217
98,QNT,Quant,2039227947.00,140.3000000000,3.35,78089586.00,2024-12-13 03:30:23.570967
185,COMP,Compound,992056526.00,111.9800000000,0.61,282477830.00,2024-12-13 03:30:23.597210
113,NOT,Notcoin,857131331.00,0.0083730100,21.80,242404523.00,2024-12-13 03:30:23.601247
141,TURBO,Turbo,835247724.00,0.0121059600,8.25,441358135.00,2024-12-13 03:30:23.602247
187,ZRO,LayerZero,743827966.00,6.6900000000,0.75,306351496.00,2024-12-13 03:30:23.609245
122,NEXO,NEXO,1498972059.00,1.5000000000,2.64,11852842.00,2024-12-13 03:30:23.584079
135,ARKM,Arkham,656351167.00,2.0800000000,0.64,204781251.00,2024-12-13 03:30:23.616360
155,CHZ,Chiliz,1082051769.00,0.1174580000,3.49,273630319.00,2024-12-13 03:30:23.594209
138,FRAX,Frax,645979575.00,0.9953230000,0.14,12357493.00,2024-12-13 03:30:23.617361
132,SPX,SPX6900,640304150.00,0.6875980000,-10.70,40163188.00,2024-12-13 03:30:23.617361
140,AXL,Axelar,819541855.00,0.9401930000,5.35,40019390.00,2024-12-13 03:30:23.603248
136,MINA,Mina Protocol,963887564.00,0.8071350000,4.19,111788380.00,2024-12-13 03:30:23.597210
188,GMT,GMT,543546168.00,0.2073590000,3.04,77028959.00,2024-12-13 03:30:23.624870
137,SAND,The Sandbox,1879012629.00,0.7730930000,4.26,802282030.00,2024-12-13 03:30:23.571934
162,BDX,Beldex,542150845.00,0.0785000000,-1.09,8952150.00,2024-12-13 03:30:23.625869
166,LUNC,Terra Luna Classic,743535029.00,0.0001347300,3.30,79858284.00,2024-12-13 03:30:23.610361
186,BABYDOGE,Baby Doge Coin,817061744.00,5.0E-9,8.47,149146248.00,2024-12-13 03:30:23.603248
115,USDD,USDD,740251082.00,1.0000000000,0.01,1547532.00,2024-12-13 03:30:23.610361
164,PAXG,PAX Gold,529543976.00,2677.5100000000,-0.19,33784836.00,2024-12-13 03:30:23.626870
127,RSETH,Kelp DAO Restaked ETH,1873307594.00,3995.1000000000,4.13,5118210.00,2024-12-13 03:30:23.571934
183,NFT,APENFT,609054376.00,6.154E-7,0.83,48389619.00,2024-12-13 03:30:23.618864
180,IOTA,IOTA,1477402856.00,0.4157630000,2.13,200304783.00,2024-12-13 03:30:23.585071
165,SNX,Synthetix Network,1064632275.00,3.1600000000,0.57,143389822.00,2024-12-13 03:30:23.594209
142,ENS,Ethereum Name Service,1381564700.00,41.3500000000,3.66,772067893.00,2024-12-13 03:30:23.587072
152,EIGEN,Eigenlayer,1049794410.00,4.9900000000,4.54,404559252.00,2024-12-13 03:30:23.595209
240,VRSC,Verus,467198100.00,5.9900000000,-0.96,31290.00,2024-12-13 03:30:23.632494
223,VIRTUAL,Virtuals Protocol,2157528800.00,2.1600000000,-10.97,317467027.00,2024-12-13 03:30:23.569934
191,QAI,QuantixAI,415974809.00,92.5100000000,0.50,6631330.00,2024-12-13 03:30:24.113667
218,LSETH,Liquid Staked ETH,414343029.00,4090.5200000000,4.68,48130.00,2024-12-13 03:30:24.113667
221,ETHFI,Ether.fi,571266050.00,2.7300000000,3.55,366939024.00,2024-12-13 03:30:23.621868
190,WOO,WOO,553464548.00,0.2974940000,4.21,51094056.00,2024-12-13 03:30:23.623871
260,GMX,GMX,411524760.00,41.7000000000,9.18,61202342.00,2024-12-13 03:30:24.114667
216,SFP,SafePal,354893467.00,0.7281600000,-0.54,13916153.00,2024-12-13 03:30:24.124246
280,QGOLD,Quorium,224906766.00,2684.0300000000,-0.31,150833.00,2024-12-13 03:30:24.156236
222,CRV,Curve DAO,1515559312.00,1.2100000000,3.76,1033416359.00,2024-12-13 03:30:23.583073
205,TFUEL,Theta Fuel,549837355.00,0.0810640000,3.44,12314504.00,2024-12-13 03:30:23.623871
197,JTO,Jito,1054718564.00,3.9200000000,6.02,214915942.00,2024-12-13 03:30:23.594209
271,PUPS,PUPS•WORLD•PEACE,223616988.00,0.2248130000,-6.19,1419000.00,2024-12-13 03:30:24.157236
215,USD0,Usual USD,827346086.00,0.9993030000,0.16,59937135.00,2024-12-13 03:30:23.602247
229,AMP,Amp,803636580.00,0.0099555400,5.48,89178470.00,2024-12-13 03:30:23.604247
268,ULTIMA,Ultima,193694207.00,4612.7100000000,-0.15,2437612.00,2024-12-13 03:30:24.168329
195,RSR,Reserve Rights,779242421.00,0.0145688400,2.78,198263849.00,2024-12-13 03:30:23.607247
236,AEVO,Aevo,463516714.00,0.5148900000,7.59,183281926.00,2024-12-13 03:30:23.632494
203,IOTX,IoTeX,462270567.00,0.0490073700,2.33,40784113.00,2024-12-13 03:30:23.633494
245,JST,JUST,461084223.00,0.0465809300,0.95,83149736.00,2024-12-13 03:30:23.633494
243,ZIL,Zilliqa,546453181.00,0.0283436700,2.72,78979390.00,2024-12-13 03:30:23.624870
272,OHM,Olympus,347087438.00,21.2900000000,-1.67,50653.00,2024-12-13 03:30:24.126217
267,AMAPT,Amnis Aptos,341445973.00,13.6400000000,5.45,2014482.00,2024-12-13 03:30:24.126217
241,ZRX,0x Protocol,541488352.00,0.6387100000,2.35,156947387.00,2024-12-13 03:30:23.625869
234,OSMO,Osmosis,459145922.00,0.6558000000,1.09,25378963.00,2024-12-13 03:30:23.633494
213,PRIME,Echelon Prime,759409394.00,14.8100000000,-4.98,30193210.00,2024-12-13 03:30:23.608246
192,SWETH,Swell Ethereum,506950098.00,4177.5700000000,4.03,819386.00,2024-12-13 03:30:23.627869
219,DYM,Dymension,455103599.00,2.0800000000,4.25,49160735.00,2024-12-13 03:30:23.634493
193,USDB,USDB,410530606.00,1.0120000000,-0.83,18098721.00,2024-12-13 03:30:24.114667
265,ALT,AltLayer,403490973.00,0.1747060000,8.02,133380427.00,2024-12-13 03:30:24.115666
194,USYC,Hashnote USYC,401614476.00,1.0710000000,0.25,2150.52,2024-12-13 03:30:24.115666
246,NOS,Nosana,338374643.00,4.0600000000,2.65,4736224.00,2024-12-13 03:30:24.127215
250,PUMPBTC,pumpBTC,329910624.00,99268.0000000000,0.92,166677.00,2024-12-13 03:30:24.128249
225,PEOPLE,ConstitutionDAO,305201015.00,0.0602430000,11.89,218591680.00,2024-12-13 03:30:24.131562
257,MWC,MimbleWimbleCoin,298266273.00,27.2100000000,3.79,7467.90,2024-12-13 03:30:24.132563
200,ETHX,Stader ETHx,502503887.00,4061.2700000000,4.11,512355.00,2024-12-13 03:30:23.628869
207,SFRXETH,Staked Frax Ether,438654651.00,4294.7500000000,5.47,1328644.00,2024-12-13 03:30:23.636497
276,LUNA,Terra,392704996.00,0.5719490000,4.87,95790746.00,2024-12-13 03:30:24.116667
230,MOODENG,Moo Deng,392221869.00,0.3966100000,3.01,175257825.00,2024-12-13 03:30:24.116667
201,DOGS,Dogs,389542686.00,0.0007521500,32.89,180434556.00,2024-12-13 03:30:24.117695
244,SAVAX,BENQI Liquid Staked AVAX,499849872.00,62.3000000000,2.14,4415935.00,2024-12-13 03:30:23.629471
231,TBTC,tBTC,499121686.00,99760.0000000000,0.49,26208548.00,2024-12-13 03:30:23.629471
189,CORGIAI,CorgiAI,372657709.00,0.0010816600,-13.90,298088.00,2024-12-13 03:30:24.119283
279,CAT,Simon's Cat,293680835.00,0.0000435100,1.23,68040025.00,2024-12-13 03:30:24.133562
255,PONKE,PONKE,271642202.00,0.4946730000,-1.34,23546435.00,2024-12-13 03:30:24.141081
273,PAAL,PAAL AI,268773386.00,0.3059680000,-6.05,24395216.00,2024-12-13 03:30:24.143087
277,NPC,Non-Playable Coin,259535630.00,0.0322183500,4.49,6580997.00,2024-12-13 03:30:24.147087
214,1INCH,1inch,707353172.00,0.5070070000,3.04,247428033.00,2024-12-13 03:30:23.613360
209,CELO,Celo,487872929.00,0.8766090000,4.99,118673753.00,2024-12-13 03:30:23.630493
210,ETHW,EthereumPoW,475302583.00,4.4100000000,2.28,38555548.00,2024-12-13 03:30:23.631493
212,MEME,Memecoin,473204567.00,0.0143410900,7.35,183427624.00,2024-12-13 03:30:23.631493
275,CET,CoinEx,259311991.00,0.0945840000,0.83,606024.00,2024-12-13 03:30:24.147087
228,ALEO,ALEO,438033421.00,1.5800000000,2.09,12564026.00,2024-12-13 03:30:23.636497
232,GLM,Golem,437961698.00,0.4379620000,3.30,34717328.00,2024-12-13 03:30:23.637495
202,ZETA,ZetaChain,429666451.00,0.7448650000,5.64,72425823.00,2024-12-13 03:30:23.640008
249,MASK,Mask Network,427960837.00,4.2800000000,7.23,381794548.00,2024-12-13 03:30:23.640008
208,BUSD,Binance-Peg BUSD,366784751.00,1.0010000000,-0.05,15609247.00,2024-12-13 03:30:24.121215
16,WBTC,Wrapped Bitcoin,13546522208.00,99754.0000000000,0.71,445580773.00,2024-12-13 03:30:23.550638
204,KAVA,Kava,642167015.00,0.5925370000,2.62,37651197.00,2024-12-13 03:30:23.617361
199,LPT,Livepeer,641136192.00,17.5500000000,3.12,146912669.00,2024-12-13 03:30:23.617361
248,KSM,Kusama,624129946.00,39.3600000000,2.14,77100200.00,2024-12-13 03:30:23.617361
242,MANTA,Manta Network,425975362.00,1.1100000000,6.01,88932078.00,2024-12-13 03:30:24.112703
217,WEMIX,WEMIX,424973309.00,1.0290000000,4.39,26257425.00,2024-12-13 03:30:24.112703
235,CWBTC,cWBTC,358089060.00,2007.8900000000,0.44,0.00,2024-12-13 03:30:24.123216
261,BITCOIN,HarryPotterObamaSonic10Inu (ETH),256175375.00,0.2558170000,11.56,8852663.00,2024-12-13 03:30:24.149085
226,HOT,Holo,589684865.00,0.0033191100,4.17,45280157.00,2024-12-13 03:30:23.618864
239,DASH,Dash,588940763.00,48.8100000000,3.60,156187098.00,2024-12-13 03:30:23.619870
342,ONE,Harmony,441169899.00,0.0358124300,8.03,105902590.00,2024-12-13 03:30:23.635493
375,SCR,Scroll,165222383.00,1.1900000000,8.06,154806969.00,2024-12-13 03:30:24.183916
369,TRB,Tellor Tributes,206480533.00,78.3500000000,5.31,125760541.00,2024-12-13 03:30:24.162328
368,DEGEN,Degen (Base),266925040.00,0.0154743300,4.05,92723468.00,2024-12-13 03:30:24.144086
374,AMPL,Ampleforth,240758731.00,1.2800000000,0.47,543235.00,2024-12-13 03:30:24.153237
306,UMA,UMA,316622801.00,3.7900000000,3.47,54555417.00,2024-12-13 03:30:24.129217
321,HONEY,Hivemapper,295626081.00,0.0964260000,-0.81,1316611.00,2024-12-13 03:30:24.132563
370,WZRD,Bitcoin Wizards,132270697.00,6.3000000000,-2.59,550622.00,2024-12-03 04:24:08.389792
347,XAI,Xai,248493538.00,0.3365250000,4.45,68572534.00,2024-12-13 03:30:24.150236
376,VENOM,Venom,134945801.00,0.0711800000,4.95,1104953.00,2024-12-10 04:45:47.907824
352,RLB,Rollbit Coin,306439598.00,0.1324880000,4.82,4434898.00,2024-12-13 03:30:24.131562
327,COTI,COTI,309297377.00,0.1726910000,4.61,58476774.00,2024-12-13 03:30:24.130562
350,ZIG,Zignaly,207424898.00,0.1467790000,3.98,4171782.00,2024-12-13 03:30:24.161330
319,SXP,Solar,243198268.00,0.3874690000,2.06,38403260.00,2024-12-13 03:30:24.152238
361,ABT,Arcblock,178136920.00,1.8100000000,0.95,887560.00,2024-12-13 03:30:24.177406
320,SUN,Sun Token,256241125.00,0.0261919700,5.87,99901286.00,2024-12-13 03:30:24.148085
364,SSV,SSV Network,213763135.00,30.0400000000,4.20,125404624.00,2024-12-13 03:30:24.159237
290,WELL,Moonwell,245742182.00,0.0801690000,5.28,9493203.00,2024-12-13 03:30:24.151236
365,CHR,Chromia,276641095.00,0.3346710000,5.22,46433032.00,2024-12-13 03:30:24.136565
356,INST,Instadapp,330672946.00,8.3900000000,12.66,2816768.00,2024-12-13 03:30:24.128249
316,YGG,Yield Guild Games,289317132.00,0.7049600000,8.67,126621250.00,2024-12-13 03:30:24.133562
300,ORCA,Orca,278150627.00,5.2100000000,-4.33,136722059.00,2024-12-13 03:30:24.136565
339,CFG,Centrifuge,199176580.00,0.3985480000,2.56,4827630.00,2024-12-13 03:30:24.164330
337,KDA,Kadena,411925948.00,1.3800000000,6.49,62515371.00,2024-12-13 03:30:24.113667
343,OCEAN,Ocean Protocol,168350111.00,0.7717500000,3.76,1228613.00,2024-12-13 03:30:24.181914
373,SUSHI,Sushi,429084021.00,2.2300000000,4.38,623087169.00,2024-12-13 03:30:23.640008
324,FXS,Frax Share,334902270.00,3.9000000000,2.27,53909324.00,2024-12-13 03:30:24.127215
314,BLAST,Blast,269553780.00,0.0116213700,1.53,64150016.00,2024-12-13 03:30:24.143087
307,OUSG,OUSG,181248967.00,109.1900000000,0.00,0.00,2024-12-13 03:30:24.176406
297,T,Threshold Network,334305313.00,0.0332889500,3.51,30957594.00,2024-12-13 03:30:24.128249
292,ATH,Aethir,426738029.00,0.0818040000,6.79,156909596.00,2024-12-13 03:30:24.111668
335,LRC,Loopring,347806903.00,0.2791760000,-4.04,58873971.00,2024-12-13 03:30:24.125216
336,ONT,Ontology,264507023.00,0.2916200000,4.03,28564638.00,2024-12-13 03:30:24.145086
351,QUBIC,Qubic,505676355.00,0.0000041000,0.46,20063760.00,2024-12-13 03:30:23.627869
309,BORG,SwissBorg,368130426.00,0.3737450000,5.91,3614966.00,2024-12-13 03:30:24.120210
284,MPL,Maple,179438464.00,22.9000000000,0.67,3809218.00,2024-11-18 23:56:11.974911
363,XEM,NEM,295131134.00,0.0330547300,1.52,47169999.00,2024-12-13 03:30:24.132563
334,BAND,Band Protocol,300059186.00,2.0700000000,4.01,69128816.00,2024-12-13 03:30:24.132563
326,YFI,yearn.finance,384892548.00,11472.9400000000,2.70,107735378.00,2024-12-13 03:30:24.117695
322,ID,SPACE ID,237463720.00,0.5515550000,4.43,89369000.00,2024-12-13 03:30:24.154237
349,AUDIO,Audius,276128925.00,0.2151570000,0.99,49614790.00,2024-12-13 03:30:24.137565
317,API3,API3,274675990.00,2.3400000000,2.72,39014844.00,2024-12-13 03:30:24.140080
360,CTC,Creditcoin,586725899.00,1.4200000000,1.92,198281481.00,2024-12-13 03:30:23.620870
362,CDT,Blox,200166754.00,0.2970640000,-0.36,363.67,2024-12-13 03:30:24.163329
377,GFI,Goldfinch,200605649.00,2.2500000000,11.71,3340906.00,2024-12-13 03:30:24.163329
357,BASEDAI,BasedAI,248747326.00,6.9800000000,27.81,6951475.00,2024-12-13 03:30:24.150236
367,OLAS,Autonolas,135091788.00,1.8400000000,1.11,1614354.00,2024-12-10 04:45:47.907824
371,MYTH,Mythos,187899023.00,0.2479120000,-4.16,3561086.00,2024-12-13 03:30:24.172421
330,PZETH,Renzo Restaked LST,182731813.00,4598.4900000000,5.26,4933.40,2024-12-13 03:30:24.174407
285,NXM,Nexus Mutual,261355542.00,78.1300000000,8.84,0.00,2024-12-13 03:30:24.146086
355,ETH+,ETHPlus,200591584.00,3984.5500000000,4.47,746578.00,2024-12-13 03:30:24.163329
283,AVAIL,Avail,313083813.00,0.1654840000,0.70,7392051.00,2024-12-13 03:30:24.130562
308,TRIBE,Tribe,279959758.00,0.6156080000,0.39,112770.00,2024-12-13 03:30:24.134562
312,BANANA,Banana Gun,187064198.00,54.0900000000,5.18,33357033.00,2024-12-13 03:30:24.173408
289,BICO,Biconomy,358993941.00,0.3930180000,3.58,34031018.00,2024-12-13 03:30:24.123216
311,KUB,Bitkub Coin,211833168.00,2.3900000000,-0.50,1598351.00,2024-12-13 03:30:24.160331
344,CVX,Convex Finance,533235513.00,6.5000000000,5.97,89199852.00,2024-12-13 03:30:23.625869
328,GHO,GHO,159038206.00,0.9977570000,0.32,10711823.00,2024-12-13 03:30:24.188914
287,WBETH,Wrapped Beacon ETH,290767928.00,4101.9900000000,4.31,11374998.00,2024-12-13 03:30:24.133562
345,ABTC,aBTC,210390475.00,97197.0000000000,0.48,6362234.00,2024-12-13 03:30:24.161330
315,CETH,cETH,250276848.00,78.0100000000,4.23,800.68,2024-12-13 03:30:24.149085
302,FLUX,Flux,288194796.00,0.7645180000,2.61,30678158.00,2024-12-13 03:30:24.134562
354,DEUSD,Elixir deUSD,180696638.00,1.0010000000,0.11,1614744.00,2024-12-13 03:30:24.176406
329,ACX,Across Protocol,356181459.00,0.8030490000,-1.47,94010101.00,2024-12-13 03:30:24.124246
293,KMNO,Kamino,271055762.00,0.2009550000,17.91,28664504.00,2024-12-13 03:30:24.142085
325,USDX,usdx.money USDX,190735558.00,0.9999880000,0.05,79351.00,2024-12-13 03:30:24.170407
358,0X0,0x0.ai: AI Smart Contract,364857605.00,0.4097290000,-1.15,1855355.00,2024-12-13 03:30:24.121215
333,ANDY,ANDY ETH,314922864.00,0.0003152400,8.39,5254090.00,2024-12-13 03:30:24.130562
332,AGETH,Kelp Gain,181885611.00,3988.6000000000,5.47,311691.00,2024-12-13 03:30:24.175407
304,SKL,SKALE,356577036.00,0.0686460000,4.71,67145650.00,2024-12-13 03:30:24.124246
310,RETARDIO,RETARDIO,188634455.00,0.1872500000,-6.89,8761714.00,2024-11-18 23:56:11.972149
295,SAGA,Saga,234074794.00,2.1700000000,5.17,77798934.00,2024-12-13 03:30:24.155236
303,BIGTIME,Big Time,243520119.00,0.1799790000,2.25,64950750.00,2024-12-13 03:30:24.152238
346,ALUSD,Alchemix USD,166087995.00,0.9869530000,0.00,322012.00,2024-12-13 03:30:24.182916
348,GLMR,Moonbeam,305913747.00,0.3283920000,2.75,33506141.00,2024-12-13 03:30:24.131562
286,$MICHI,michi,157205324.00,0.2836020000,4.31,14845225.00,2024-12-08 05:36:46.672924
372,H2O,H2O Dao,149332906.00,0.1813360000,0.54,711457.00,2024-11-18 23:56:11.978915
359,MERL,Merlin Chain,158656486.00,0.3259230000,13.57,22991299.00,2024-12-13 03:30:24.188914
340,CPOOL,Clearpool,339042687.00,0.4694670000,-0.69,16090497.00,2024-12-13 03:30:24.127215
331,XRD,Radix,358340949.00,0.0337230200,2.19,6815059.00,2024-12-13 03:30:24.123216
294,AGI,Delysium,273154694.00,0.2069080000,-0.48,22689410.00,2024-12-13 03:30:24.141081
353,SPEC,Spectral,179131032.00,12.7100000000,10.13,13075591.00,2024-12-13 03:30:24.177406
299,DCR,Decred,364239766.00,22.0800000000,1.81,5146336.00,2024-12-13 03:30:24.122215
291,RPL,Rocket Pool,326694012.00,15.5800000000,4.09,42347797.00,2024-12-13 03:30:24.129217
298,ILV,Illuvium,431159841.00,59.8600000000,3.86,64999853.00,2024-12-13 03:30:23.639054
323,DEEP,DeepBook,241794832.00,0.0965510000,21.55,45726993.00,2024-12-13 03:30:24.153237
305,XCH,Chia,374243385.00,26.8200000000,8.25,23848063.00,2024-12-13 03:30:24.119283
440,QUIL,Wrapped QUIL,101259697.00,0.1281030000,4.75,4838348.00,2024-11-12 20:28:20.561471
443,CLOUD,Cloud,106284973.00,0.5903270000,28.92,9855042.00,2024-11-18 16:39:04.348698
442,WAVES,Waves,203737747.00,2.0500000000,1.82,32641107.00,2024-12-13 03:30:24.162328
419,WAXP,WAX,190450302.00,0.0544030000,2.22,26143701.00,2024-12-13 03:30:24.171405
392,EURS,STASIS EURO,131882940.00,1.0610000000,-0.17,841456.00,2024-12-10 04:45:47.911178
414,KAG,Kinesis Silver,117582026.00,31.0600000000,1.42,313480.00,2024-11-18 23:56:11.993498
425,NTRN,Neutron,162741066.00,0.5704440000,3.26,46974631.00,2024-12-13 03:30:24.184914
396,OKT,OKT Chain,214327319.00,12.0000000000,3.72,1316925.00,2024-12-13 03:30:24.158236
459,FARTCOIN,Fartcoin,587171551.00,0.6007420000,33.04,81627648.00,2024-12-13 03:30:23.619870
393,COW,CoW Protocol,172181476.00,0.6253910000,6.18,199033471.00,2024-12-13 03:30:24.180914
432,AGLD,Adventure Gold,116169503.00,1.5000000000,9.74,67867986.00,2024-11-18 23:56:11.994497
449,JET,Satoshi Airline,108560674.00,1.1800000000,4.54,406996.00,2024-11-18 23:56:11.998497
427,LON,Tokenlon,118662258.00,1.0250000000,-1.17,454992.00,2024-11-18 23:56:11.991492
464,BDC,BILLION•DOLLAR•CAT (Runes),141969253.00,0.1419210000,8.08,1835080.00,2024-11-18 23:56:11.981916
453,DIA,DIA,110845674.00,0.9254930000,-1.65,33783068.00,2024-11-11 04:49:08.228574
466,SNT,Status,226664681.00,0.0572850000,1.29,47894662.00,2024-12-13 03:30:24.156236
408,HEART,Humans.ai,237237281.00,0.0368434300,9.03,1072016.00,2024-12-13 03:30:24.154237
451,MOVR,Moonriver,162699629.00,17.3900000000,-6.61,16852509.00,2024-12-13 03:30:24.184914
470,ORAI,Oraichain,196092637.00,11.8000000000,2.15,6652438.00,2024-12-13 03:30:24.167331
403,SIGMA,Sigma,109970963.00,0.1222100000,5.65,8182973.00,2024-11-12 20:28:20.556473
416,TRU,TrueFi,162602268.00,0.1291080000,1.79,43192898.00,2024-12-13 03:30:24.185915
196,USDY,Ondo US Dollar Yield,443299215.00,1.0660000000,0.15,821286.00,2024-12-13 03:30:23.634493
433,ORBS,Orbs,148494606.00,0.0329598000,3.43,19204675.00,2024-12-13 03:30:24.195925
430,C98,Coin98,198427626.00,0.2257600000,5.22,54972993.00,2024-12-13 03:30:24.165329
437,UNIETH,Universal ETH,111686705.00,3405.0900000000,4.62,136200.00,2024-11-18 23:56:11.996496
434,NMT,NetMind Token,141431714.00,3.3400000000,18.94,3262724.00,2024-12-12 23:49:13.783344
471,AZERO,Aleph Zero,142544857.00,0.4713470000,-3.74,3100806.00,2024-12-13 03:30:24.199946
445,CSPR,Casper Network,270692608.00,0.0213521900,22.28,39067023.00,2024-12-13 03:30:24.143087
460,$MYRO,Myro,137191656.00,0.1372450000,3.56,44806274.00,2024-11-18 23:56:11.983916
473,DAR,Mines of Dalarnia,148576466.00,0.2392760000,5.65,36478837.00,2024-12-06 04:50:20.186396
468,PROM,Prom,99905056.00,5.4800000000,-2.53,24003939.00,2024-11-12 20:28:20.563473
397,SUNDOG,Sundog,144323931.00,0.1440010000,-0.34,90227554.00,2024-12-13 03:30:24.198435
450,FIDA,Solana Name Service,319348333.00,0.3311760000,4.33,86005620.00,2024-12-13 03:30:24.129217
467,SPELL,Spell,152446744.00,0.0009943700,19.05,21224224.00,2024-12-13 03:30:24.193926
394,JOE,JOE,214601149.00,0.5677020000,-0.36,32799538.00,2024-12-13 03:30:24.158236
401,ZEN,Horizen,244937405.00,15.5900000000,3.06,46749268.00,2024-12-13 03:30:24.152238
391,EDU,Open Campus,172200658.00,0.6610630000,2.47,26719594.00,2024-12-13 03:30:24.180914
446,CVC,Civic,157407284.00,0.1965710000,9.61,353952000.00,2024-12-13 03:30:24.190414
410,MUMU,MUMU THE BULL,172270340.00,0.0000743700,-7.95,14008906.00,2024-11-18 23:56:11.975917
404,KAU,Kinesis Gold,122477086.00,84.7100000000,0.67,1226791.00,2024-11-18 23:56:11.990916
438,ELG,Escoin,108908100.00,0.5869590000,0.29,1628740.00,2024-11-18 23:56:11.998497
420,XNO,Nano,266398706.00,2.0000000000,1.81,6717615.00,2024-12-13 03:30:24.144086
465,BORA,BORA,158564356.00,0.1447210000,3.19,8991243.00,2024-12-13 03:30:24.188914
431,UXLINK,UXLINK,100319916.00,0.5936330000,-6.46,281540952.00,2024-11-12 20:28:20.563473
429,POWR,Powerledger,161631282.00,0.3056220000,1.84,25045190.00,2024-12-13 03:30:24.186915
387,TEL,Telcoin,547288275.00,0.0070286300,2.73,4675951.00,2024-12-13 03:30:23.624870
409,BB,BounceBit,193003822.00,0.4719460000,8.98,231067364.00,2024-12-13 03:30:24.169364
461,ALICE,My Neighbor Alice,149457998.00,1.6200000000,4.24,30294775.00,2024-12-13 03:30:24.195925
415,XVS,Venus,181861398.00,11.0700000000,1.87,19186165.00,2024-12-13 03:30:24.176406
472,B2M,Bit2Me,99826973.00,0.0201670700,19.92,524829.00,2024-11-10 06:16:04.932590
388,VVS,VVS Finance,228280298.00,0.0000048200,-3.57,1519928.00,2024-12-13 03:30:24.155236
383,IQ,IQ,178331800.00,0.0089765500,17.68,23808159.00,2024-12-13 03:30:24.177406
441,IOST,IOST,192184384.00,0.0090132100,4.13,34181076.00,2024-12-13 03:30:24.170407
385,STBTC,Lorenzo stBTC,212202718.00,97702.0000000000,0.43,62312.00,2024-12-13 03:30:24.159237
439,USDP,Pax Dollar,111108864.00,0.9973320000,-0.03,4700968.00,2024-11-18 23:56:11.996496
412,BBSOL,Bybit Staked SOL,191230113.00,237.3600000000,0.18,4346028.00,2024-12-13 03:30:24.170407
378,ACT,Acet,447017731.00,0.4713870000,-8.41,581619490.00,2024-12-10 04:45:47.388779
462,SNEK,Snek,515892507.00,0.0069478400,12.73,5881809.00,2024-12-13 03:30:23.627869
444,OETH,Origin Ether,174217614.00,3795.6700000000,4.41,32143.00,2024-12-13 03:30:24.179916
452,FX,Function X,105586524.00,0.1370960000,-0.88,1065307.00,2024-11-12 20:28:20.558470
454,MAGIC,Magic,158078956.00,0.5681130000,4.26,90095523.00,2024-12-10 04:45:47.897007
398,ALPH,Alephium,225257625.00,2.3900000000,8.11,3451481.00,2024-12-13 03:30:24.156236
422,ONG,Ontology Gas,161868023.00,0.4047010000,2.96,11146918.00,2024-12-13 03:30:24.185915
386,CARV,CARV,151553932.00,0.9570060000,-3.09,33564598.00,2024-12-13 03:30:24.193926
413,RLC,iExec RLC,188200400.00,2.6000000000,2.80,18899826.00,2024-12-13 03:30:24.172421
435,ZANO,Zano,176206382.00,12.1300000000,-1.81,756514.00,2024-12-13 03:30:24.178909
390,LSK,Lisk,193459906.00,1.1800000000,1.88,43803296.00,2024-12-13 03:30:24.169364
405,BAL,Balancer,224433309.00,3.6600000000,3.83,34516046.00,2024-12-13 03:30:24.157236
395,USTC,TerraClassicUSD,167134989.00,0.0300757300,6.31,25742786.00,2024-12-08 05:36:46.669923
456,TRUAPT,TruFin Staked APT,146556205.00,14.7500000000,5.54,3398.01,2024-12-08 05:36:46.675923
382,VTHO,VeThor,306889470.00,0.0036583300,6.79,11602441.00,2024-12-13 03:30:24.131562
447,UXP,UXD Protocol,105828202.00,0.0151322600,-1.60,5973.65,2024-11-18 16:39:04.349697
381,ICX,ICON,240500995.00,0.2323090000,1.89,18947541.00,2024-12-13 03:30:24.154237
411,TAIKO,Taiko,180290037.00,2.1800000000,-1.03,89189247.00,2024-12-13 03:30:24.177406
406,SYN,Synapse,176107500.00,0.8021230000,10.21,25641226.00,2024-12-13 03:30:24.178909
436,IXS,IX Swap,107384165.00,0.5968230000,8.30,407126.00,2024-11-11 04:49:08.230573
418,NMR,Numeraire,174494205.00,22.9600000000,2.98,17242857.00,2024-12-13 03:30:24.179916
428,DGB,DigiByte,260971932.00,0.0149911200,4.20,29425109.00,2024-12-13 03:30:24.146086
417,ZEREBRO,Zerebro,408059998.00,0.4087070000,96.20,47665981.00,2024-12-13 03:30:24.114667
93,MATIC,Polygon,1226509249.00,0.6245580000,-0.51,19269941.00,2024-12-13 03:30:23.592210
455,PUNDIX,Pundi X,143040687.00,0.5539300000,3.37,18443578.00,2024-12-13 03:30:24.198435
463,HOPPY,Hoppy,97518872.00,0.0002318100,-13.52,14524690.00,2024-11-11 04:29:31.833165
389,PURR,Purr,217954751.00,0.3619000000,4.20,50270002.00,2024-12-13 03:30:24.157236
458,ACH,Alchemy Pay,159622859.00,0.0323057400,3.60,66663781.00,2024-12-13 03:30:24.187914
380,WEXO,Wexo,133663126.00,2.5700000000,8.12,560042.00,2024-11-12 20:28:20.544954
498,VELO,Velo,185278731.00,0.0250839500,4.60,75212193.00,2024-12-13 03:30:24.174407
499,AUCTION,Bounce,97479207.00,14.8400000000,1.43,52810616.00,2024-11-11 04:49:08.234573
482,AITECH,Solidus Ai Tech,149755266.00,0.1386180000,-1.00,4427798.00,2024-12-08 05:36:46.674924
258,ELF,aelf,391424575.00,0.5357850000,2.90,104496276.00,2024-12-13 03:30:24.116667
47,ARB,Arbitrum,4225925309.00,1.0290000000,3.07,1242995694.00,2024-12-13 03:30:23.558242
206,EBTC,Ether.fi Staked BTC,651747472.00,99151.0000000000,-0.75,724043.00,2024-12-13 03:30:23.617361
99963,WILD,Wilder World,310848354.00,0.9590670000,4.57,6159131.00,2024-12-13 03:30:24.130562
60731,TOKEN,TokenFi,143676257.00,0.0696200000,15.31,30868187.00,2024-12-12 19:17:46.253832
262,CMETH,Mantle Restaked ETH,1086322700.00,4081.5700000000,4.30,14618523.00,2024-12-13 03:30:23.594209
475,ARK,ARK,145020808.00,0.7883590000,5.60,88733521.00,2024-12-06 04:50:20.187394
259,POLYX,Polymesh,398913743.00,0.3576650000,1.71,43543096.00,2024-12-13 03:30:24.115666
60733,DAG,Constellation,278848067.00,0.0786740000,14.33,2067027.00,2024-12-13 03:30:24.135562
341,GOMINING,Gomining Token,227407872.00,0.5496880000,-1.14,13914446.00,2024-12-13 03:30:24.155236
220,TRAC,OriginTrail,462715043.00,1.1400000000,7.07,6136354.00,2024-12-13 03:30:23.632494
448,OZO,Ozone Chain,132754065.00,0.2093110000,-21.33,145102.00,2024-12-03 23:25:05.865137
366,MRS,Metars Genesis,193673998.00,2.3000000000,0.61,623968.00,2024-12-13 03:30:24.168329
111,APE,ApeCoin,1143731818.00,1.5900000000,4.70,323414658.00,2024-12-13 03:30:23.593209
318,TETH,Treehouse ETH,259233487.00,4586.5900000000,5.34,706430.00,2024-12-13 03:30:24.147087
480,NKYC,NKYC Token,104370046.00,26.1100000000,1.31,117538.00,2024-11-17 07:04:11.327545
161999,HIVE,Hive,152695082.00,0.3312610000,5.97,42108910.00,2024-12-13 03:30:24.192926
474,COQ,Coq Inu,162760812.00,0.0000023500,7.52,12224769.00,2024-12-13 03:30:24.184914
198,DOG,DOG•GO•TO•THE•MOON (Runes),919709535.00,0.0092592400,1.25,61283133.00,2024-12-13 03:30:23.599236
252,ENJ,Enjin Coin,582200864.00,0.3268140000,3.64,103714870.00,2024-12-13 03:30:23.620870
99927,LUCE,Luce,142555140.00,0.1431500000,35.62,33916139.00,2024-12-12 19:17:46.254832
99989,SDEX,SmarDex,118650968.00,0.0131491100,4.54,696281.00,2024-11-18 23:56:11.991492
227,CHEX,CHEX Token,698524311.00,0.7008680000,5.19,4701078.00,2024-12-13 03:30:23.614360
469,RIF,RSK Infrastructure Framework,139958512.00,0.1397890000,3.00,10198353.00,2024-12-13 03:30:24.201950
253,ANKR,Ankr Network,477059582.00,0.0476426800,5.02,73884968.00,2024-12-13 03:30:23.631493
494,OMNI,Omni Network,145921678.00,14.0400000000,7.79,124328794.00,2024-12-06 04:50:20.186396
481,PRO,Propy,97853476.00,1.6700000000,53.32,20396234.00,2024-11-10 06:16:04.933589
99994,STRAX,Stratis,100612980.00,0.0551070000,5.92,94017609.00,2024-11-12 20:28:20.562471
478,PHB,Phoenix,101722553.00,1.9800000000,6.41,25815555.00,2024-11-11 04:49:08.232573
496,MVL,MVL,133153695.00,0.0051387400,3.19,13148990.00,2024-12-10 04:45:47.910062
60590,ECOIN,Ecoin,138985384.00,0.0003014100,32.77,119.76,2024-12-13 02:51:24.674935
1478,MMX,MMX,153637458.00,1.0270000000,8.93,62928.00,2024-12-13 03:30:24.191920
497,DENT,Dent,158673039.00,0.0016602800,7.18,21520506.00,2024-12-13 03:30:24.188914
247,SC,Siacoin,406710084.00,0.0070401400,6.03,54090486.00,2024-12-13 03:30:24.115666
266,GAS,Gas,381594927.00,5.8700000000,3.05,40626298.00,2024-12-13 03:30:24.117695
237,METIS,Metis,350218536.00,56.9600000000,7.07,32295218.00,2024-12-13 03:30:24.125216
486,CGPT,ChainGPT,154119015.00,0.1973520000,1.20,7413412.00,2024-12-13 03:30:24.190724
426,BONE,Bone ShibaSwap,164606512.00,0.6589270000,11.10,12966838.00,2024-12-13 03:30:24.183916
491,CYBER,CYBER,150529652.00,4.8800000000,7.79,35584041.00,2024-12-13 03:30:24.194925
254,RVN,Ravencoin,412968702.00,0.0282845200,4.45,33575935.00,2024-12-13 03:30:24.113667
495,BOBO,BOBO Coin,113471175.00,0.0000017100,38.38,4369183.00,2024-11-18 23:56:11.995498
178474,BELLS,Bellscoin,103666999.00,1.8300000000,44.77,2088035.00,2024-11-12 20:28:20.559470
60681,RBTC,RabBitcoin,141162913.00,0.0000111400,120.20,4362035.00,2024-11-18 23:56:11.981916
492,ELON,Dogelon Mars,135759604.00,2.469E-7,9.31,38045923.00,2024-12-10 04:45:47.907824
99968,CROWN,Crown by Third Time Games,145140202.00,0.6588400000,25.75,2042984.00,2024-12-06 04:50:09.214726
69,METH,Mantle Staked Ether,1798456815.00,4081.0300000000,4.29,122069222.00,2024-12-13 03:30:23.574935
485,SFUND,Seedify.fund,151117098.00,2.3800000000,8.10,2938306.00,2024-12-08 05:36:46.674924
60720,HIPPO,sudeng,172110145.00,0.0172357600,24.98,66567117.00,2024-12-08 05:36:46.667923
484,BMX,BitMart,103792011.00,0.3057520000,1.42,389079.00,2024-11-17 07:04:11.327545
264,BAT,Basic Attention,441268368.00,0.2949240000,2.29,62369858.00,2024-12-13 03:30:23.635493
500,POND,Marlin,193616628.00,0.0240413700,3.26,30768980.00,2024-12-13 03:30:24.169364
23,WEETH,Wrapped eETH,7427519560.00,4096.5200000000,4.60,16725847.00,2024-12-13 03:30:23.554128
490,CVR,Caviar,92983824.00,0.8291540000,2.99,109112.00,2024-11-10 06:16:04.936590
489,EURC,EURC,100467725.00,1.0630000000,0.07,96509589.00,2024-11-12 20:28:20.562471
99995,SGB,Songbird,176333417.00,0.0114610400,7.41,1266234.00,2024-12-13 03:30:24.177406
78499,ZEUS,Zeus Network,98974839.00,0.5877050000,41.13,64126754.00,2024-11-11 04:49:08.233573
487,WEN,Wen,128944086.00,0.0001773000,-2.67,43916904.00,2024-11-18 23:56:11.987919
251,MX,MX,361018623.00,3.7400000000,0.74,136207415.00,2024-12-13 03:30:24.122215
36745,SLERF,Slerf,159537027.00,0.3190750000,7.17,53101483.00,2024-12-08 05:36:46.672924
99919,WLT,We Love T,121768606.00,0.1218430000,3.92,2493059.00,2024-11-17 07:04:11.317576
134,XAUT,Tether Gold,664572269.00,2697.4100000000,0.07,6252094.00,2024-12-13 03:30:23.615360
384,OSETH,StakeWise Staked ETH,176908815.00,4014.6100000000,5.10,1258657.00,2024-12-13 03:30:24.177406
2,ETH,Ethereum,467580389754.00,3882.1000000000,4.39,47253621087.00,2024-12-13 03:30:23.543212
171730,HAPPY,Happy Cat,109081219.00,0.0327143200,71.23,53160610.00,2024-11-18 23:56:11.997497
256,CETUS,Cetus Protocol,257628900.00,0.4110580000,20.92,194046160.00,2024-12-13 03:30:24.148085
296,G,Gravity,258727037.00,0.0357906100,1.16,39889460.00,2024-12-13 03:30:24.148085
402,VANRY,Vanar Chain,276005884.00,0.1552530000,6.68,40571257.00,2024-12-13 03:30:24.137565
488,LQTY,Liquity,246798421.00,2.5500000000,3.71,165217230.00,2024-12-13 03:30:24.151236
379,PIXEL,Pixels,186123298.00,0.2415750000,13.97,70394101.00,2024-12-13 03:30:24.174407
263,QTUM,Qtum,439677194.00,4.1700000000,2.73,43019548.00,2024-12-13 03:30:23.636497
278,IO,io.net,518293142.00,4.1200000000,3.66,572887815.00,2024-12-13 03:30:23.626870
282,AGIX,SingularityNET,261227965.00,0.7757280000,6.58,201884.00,2024-12-13 03:30:24.146086
224,MPLX,Metaplex,247753752.00,0.3275560000,10.66,3202290.00,2024-12-13 03:30:24.150236
281,GAL,Galxe,286829194.00,2.2500000000,2.09,74388.00,2024-12-13 03:30:24.134562
60657,MOCA,Moca Coin,114150270.00,0.0908170000,52.12,32725759.00,2024-11-12 20:28:20.553466
477,TLOS,Telos,113532584.00,0.2700920000,3.65,18458499.00,2024-11-12 20:28:20.553466
1499,PNUT,Peanut the Squirrel,1267947828.00,1.2700000000,11.91,1173839815.00,2024-12-13 03:30:23.589072
99690,BZR,Bazaars,289640532.00,25.2500000000,2.09,2532588.00,2024-12-13 03:30:24.133562
31,FET,Artificial Superintelligence Alliance,4675087265.00,1.7900000000,3.91,618922205.00,2024-12-13 03:30:23.557244
479,ISLM,Islamic Coin,107142905.00,0.0764250000,-0.65,2749777.00,2024-11-17 07:04:11.326544
233,APU,Apu Apustaja,276534524.00,0.0008191100,-10.68,10089693.00,2024-12-13 03:30:24.137565
60743,WOLF,LandWolf,217157726.00,0.0002409700,26.44,10445033.00,2024-12-13 03:30:24.157236
311814,ERG,Ergo,152919407.00,1.9400000000,6.62,666220.00,2024-12-13 03:30:24.192926
311730,XYO,XYO Network,388397675.00,0.0277861700,92.20,15253238.00,2024-12-13 03:30:24.117695
124,EOS,EOS,1660982117.00,1.0950000000,3.08,396585962.00,2024-12-13 03:30:23.577934
311825,ZRC,Zircuit,165373182.00,0.0753780000,-1.81,162312968.00,2024-12-13 03:30:24.182916
194742,BARSIK,Hasbulla's Cat,261859329.00,0.2615680000,346.10,54971345.00,2024-11-18 23:56:11.962235
234457,TITS,We Love Tits,142199067.00,0.1422770000,38.37,3470193.00,2024-12-13 03:30:24.199946
307358,$URO,Urolithin A,113137934.00,0.1132290000,209.57,121165250.00,2024-11-18 23:55:49.951507
194927,CLV,Clover Finance,133339219.00,0.1334530000,113.66,975476336.00,2024-11-17 07:04:11.310544
311868,LKY,Luckycoin,150622579.00,9.3700000000,13.25,2455442.00,2024-12-13 03:30:24.194925
194930,FBTC,Ignition FBTC,126416143.00,90153.0000000000,-1.78,1955572.00,2024-11-17 07:04:11.314544
249123,RSC,ResearchCoin,106445133.00,1.1100000000,31.79,6728823.00,2024-11-18 16:21:33.764919
311863,ACE,Fusionist,148181125.00,3.5100000000,3.98,17194179.00,2024-12-08 05:36:46.675923
424,CTSI,Cartesi,182007069.00,0.2165380000,7.24,25648868.00,2024-12-13 03:30:24.175407
194981,LADYS,Milady Meme Coin,107261731.00,1.209E-7,-9.28,14513025.00,2024-11-17 07:04:11.325545
211,HMSTR,Hamster Kombat,232621278.00,0.0036150400,116.94,47341347.00,2024-12-13 03:30:24.155236
234465,$RIF,Rifampicin,196513932.00,0.1958270000,71.77,254712817.00,2024-11-18 23:56:11.970745
97,STRK,Starknet,1489042796.00,0.6593090000,10.20,189216399.00,2024-12-13 03:30:23.584079
234500,USDA,USDa,187503554.00,1.0020000000,-0.03,447.03,2024-12-13 03:30:24.172421
100,TKX,Tokenize Xchange,1523414907.00,19.0700000000,3.39,12510385.00,2024-12-13 03:30:23.582074
234595,XVG,Verge,259313520.00,0.0157174500,14.00,305058261.00,2024-12-13 03:30:24.147087
311839,CHEEMS,Cheems Token,162663325.00,8.000E-7,4.75,20126369.00,2024-12-13 03:30:24.185915
311838,MOBILE,Helium Mobile,158108170.00,0.0015022400,-38.48,45344103.00,2024-12-04 03:57:52.681114
286578,CATI,Catizen,153714624.00,0.7426940000,29.08,400453438.00,2024-11-18 23:56:11.978915
96,FTN,Fasttoken,1391538312.00,3.2600000000,-0.30,69778280.00,2024-12-13 03:30:23.586072
194928,MIGGLES,Mister Miggles,140048705.00,0.1437060000,-12.56,22858382.00,2024-11-18 23:56:11.982916
234526,VITA,VitaDAO,138579586.00,5.3700000000,37.19,5816930.00,2024-11-18 23:56:11.982916
194879,NIKO,NikolAI,137961675.00,0.1360910000,-8.43,16130982.00,2024-11-18 23:56:11.982916
194974,DORA,Dora Factory,112466220.00,0.1124540000,-10.36,1387544.00,2024-11-18 18:56:33.187231
311803,$RCGE,RCGE,168805259.00,0.0142151800,,2.43,2024-12-13 03:30:24.181914
194971,WOJAK,Wojak,105576014.00,0.0015224400,-10.54,10596242.00,2024-11-18 16:39:04.349697
194894,SHRUB,Shrub,131832546.00,0.1382450000,2.61,29976303.00,2024-11-18 23:56:11.985917
234613,BERT,Bertram The Pomeranian,130361388.00,0.1401280000,12.35,23148367.00,2024-11-18 23:56:11.986915
194992,KEYCAT,Keyboard Cat (Base),129803353.00,0.0129788100,-29.80,4942573.00,2024-11-18 23:56:11.987919
311865,CELR,Celer Network,149989979.00,0.0265873800,5.78,28115510.00,2024-12-13 03:30:24.194925
311862,HOOK,Hooked Protocol,148864603.00,0.7025710000,0.33,54200758.00,2024-12-06 04:50:20.185396
311836,CTXC,Cortex,182365549.00,0.8063170000,-5.96,61869357.00,2024-12-13 03:30:24.175407
194866,FRED,First Convicted RACCON,118166615.00,0.1190250000,2.71,79801013.00,2024-11-18 23:56:11.992496
270,OSAK,Osaka Protocol,169285330.00,2.216E-7,9.66,647426.00,2024-12-13 03:30:24.180914
194954,TOSHI,Toshi,117929193.00,0.0002800800,-17.07,5289444.00,2024-11-18 23:56:11.992496
311856,ALI,Artificial Liquid Intelligence,150342587.00,0.0188811200,-4.38,3142803.00,2024-12-13 03:30:24.194925
105,LBTC,Lombard Staked BTC,1361898428.00,100062.0000000000,0.60,804927.00,2024-12-13 03:30:23.587072
151,AIOZ,AIOZ Network,1312003578.00,1.1600000000,2.97,23216855.00,2024-12-13 03:30:23.588073
286620,VVAIFU,Dasha,116969481.00,0.1170920000,259.70,89436879.00,2024-11-18 23:56:11.993498
194993,MANEKI,MANEKI,114312539.00,0.0130463800,-9.64,39527026.00,2024-11-18 23:56:11.994497
234566,DAO,DAO Maker,114089848.00,0.4546330000,39.96,83362969.00,2024-11-18 23:56:11.995498
103,FLOW,Flow,1537604124.00,0.9915470000,3.75,136017277.00,2024-12-13 03:30:23.582074
234598,PCI,Paycoin,109334367.00,0.1071730000,28.15,16875692.00,2024-11-18 18:55:51.471363
112,GOAT,Goatseus Maximus,723064441.00,0.7256730000,2.61,672030677.00,2024-12-13 03:30:23.613360
311827,AIC,AI Companions,146278915.00,0.1625320000,-0.82,10314555.00,2024-12-10 04:45:47.902053
106,MEW,cat in a dogs world,730771065.00,0.0082209500,2.94,134852927.00,2024-12-13 03:30:23.611360
311859,NEURAL,NEURALAI,152320925.00,15.3100000000,-10.23,915626.00,2024-12-13 03:30:24.193926
311857,DUSK,Dusk,146165954.00,0.3129690000,3.26,18597217.00,2024-12-08 05:36:46.676954
194940,SOLO,Sologenic,188479952.00,0.4734710000,40.67,4832618.00,2024-12-13 03:30:24.171405
311796,TAI,TARS AI,198963363.00,0.4532410000,4.45,49053258.00,2024-12-13 03:30:24.164330
269,SSOL,Solayer Staked SOL,283988779.00,236.4100000000,-0.09,1561091.00,2024-12-13 03:30:24.134562
311844,REWARD,Rewardable,145064030.00,0.5975930000,56.68,75567.00,2024-12-03 04:24:08.385792
311860,STEEM,Steem,144690219.00,0.3031520000,0.03,59294799.00,2024-12-06 04:50:20.187394
194871,BAN,Comedian,147023420.00,0.1468790000,6.63,180602206.00,2024-12-06 04:50:20.186396
311714,LCX,LCX,257614329.00,0.3326260000,-7.85,5173958.00,2024-12-13 03:30:24.148085
104,CORE,Core,1236300942.00,1.3300000000,4.77,128132109.00,2024-12-13 03:30:23.591210
311710,AIXBT,aixbt by Virtuals,186931026.00,0.1867330000,42.94,26472950.00,2024-12-13 03:30:24.173408
311734,SCRT,Secret,164703360.00,0.5568320000,-1.72,9294668.00,2024-12-13 03:30:24.183916
311774,MORPHO,Morpho,387818676.00,2.5500000000,0.95,114409829.00,2024-12-13 03:30:24.117695
311866,MTL,Metal DAO,140555075.00,1.7000000000,3.71,81277357.00,2024-12-04 03:57:52.700214
209750,CTK,Shentu,140426676.00,0.9973460000,8.41,49635845.00,2024-12-12 23:49:13.784343
82,HNT,Helium,1415892677.00,8.1300000000,3.49,27947956.00,2024-12-13 03:30:23.586072
311829,HT,Huobi,206366891.00,1.3000000000,13.10,641082.00,2024-12-13 03:30:24.162328
311852,MEOW,MEOW,140218283.00,0.0015551100,-0.65,59032.00,2024-12-03 04:24:08.386794
117,JUPSOL,Jupiter Staked SOL,938533090.00,241.3200000000,-0.11,19027593.00,2024-12-13 03:30:23.598210
311855,THE,Thena,137664093.00,2.5000000000,-9.52,440953775.00,2024-12-03 04:24:08.387792
311611,CHILLGUY,Just a chill guy,337003515.00,0.3355300000,1.27,238554386.00,2024-12-13 03:30:24.127215
99999,DKA,dKargo,138861479.00,0.0296273000,2.12,15263156.00,2024-12-04 03:57:52.702216
311858,IAG,Iagon,136505701.00,0.3605210000,3.01,1100347.00,2024-12-03 04:24:08.387792
102,BTT,BitTorrent,1315496112.00,0.0000013600,3.58,95322272.00,2024-12-13 03:30:23.588073
311811,ANYONE,ANyONe Protocol,159742433.00,2.0000000000,-3.60,1772272.00,2024-12-13 03:30:24.187914
311786,GPU,NodeAI,175894378.00,1.8100000000,-4.82,1444139.00,2024-12-13 03:30:24.178909
110,MOG,Mog Coin,1203670250.00,0.0000030900,-0.60,45775626.00,2024-12-13 03:30:23.592210
421,ZENT,Zentry,155865531.00,0.0256060500,3.92,7818090.00,2024-12-13 03:30:24.190724
144,AKT,Akash Network,977949930.00,3.9500000000,-2.30,19271000.00,2024-12-13 03:30:23.597210
311793,BINK,Big Dog Fink,156338127.00,0.0010530500,-11.71,181164.00,2024-12-13 03:30:24.190724
194725,AI16Z,ai16z,887605010.00,0.8018320000,8.24,55982396.00,2024-12-13 03:30:23.600242
311791,HASHAI,HashAI,157665170.00,0.0017520400,-9.46,1598568.00,2024-12-13 03:30:24.189980
286576,SLP,Smooth Love Potion,211424167.00,0.0051319900,2.41,35863464.00,2024-12-13 03:30:24.160331
94,EETH,ether.fi Staked ETH,1090215650.00,3875.7700000000,4.38,241099.00,2024-12-13 03:30:23.593209
311819,PEAQ,peaq,386941413.00,0.6002130000,-6.49,104437682.00,2024-12-13 03:30:24.117695
311436,HYPE,Hyperliquid,6046653039.00,18.1200000000,-14.24,249818907.00,2024-12-13 03:30:23.554128
372390,M3M3,M3M3,154936235.00,0.1552280000,19.45,8723159.00,2024-12-13 03:30:24.190724
320596,LUMIA,Lumia,153086275.00,2.0300000000,-0.08,89935844.00,2024-12-13 03:30:24.191920
372394,AVA,AVA (Travala),149704495.00,2.5000000000,259.16,632714798.00,2024-12-13 03:30:24.195925
316366,HFT,Hashflow,146185261.00,0.3031630000,11.63,43584298.00,2024-12-13 03:30:24.197929
320601,AURORA,Aurora,142621859.00,0.2565780000,-8.79,4414764.00,2024-12-13 03:30:24.198941
372396,XMW,Morphware,142115261.00,0.1822320000,15.63,2661994.00,2024-12-13 03:30:24.200946
316300,WIN,WINkLink,140992090.00,0.0001419200,45.53,30680457.00,2024-12-13 03:30:24.200946
360359,DESO,Decentralized Social,136383939.00,12.9300000000,-2.70,1093179.00,2024-12-10 04:45:47.907053
325097,FLIP,Chainflip,152681903.00,2.4700000000,8.29,5911198.00,2024-12-08 05:36:46.673923
316356,DODO,DODO,151069830.00,0.2084050000,15.78,26035982.00,2024-12-08 05:36:46.674924
338121,MODE,Mode,147228385.00,0.0588250000,13.18,8386577.00,2024-12-08 05:36:46.675923
325107,"""　""","""　""",148636606.00,0.2361210000,44.05,24426926.00,2024-12-08 00:14:23.819972
317859,BULLY,Dolos The Bully,143087344.00,0.1489640000,40.02,40133213.00,2024-12-04 03:57:52.697148
316362,SYS,Syscoin,141376447.00,0.1770830000,10.66,32976769.00,2024-12-04 03:57:52.699153
316297,STNK,Stonks,153060744.00,263.2500000000,88.63,3097152.00,2024-12-06 04:50:20.183431
325022,NACHO,Nacho the Kat,215271381.00,0.0006804900,516.39,773833.00,2024-12-08 00:14:34.698446
311871,PHA,PHALA,137127621.00,0.1785690000,1.49,27471631.00,2024-12-03 23:25:05.865137
311870,ALU,Altura,151013814.00,0.1528070000,-3.75,13705983.00,2024-12-06 04:50:20.185396
320616,KEEP,Keep Network,148106145.00,0.2694230000,50.89,21192.00,2024-12-06 04:50:20.186396
372393,CACAO,Maya Protocol,141845350.00,1.4200000000,132.99,6081237.00,2024-12-12 19:17:22.754810
372379,WETH,WETH,10578174707.00,3883.9800000000,4.37,1394202206.00,2024-12-13 03:30:23.552129
359938,SOS,Solana Swap,2504517900.00,4.4900000000,24.14,739703.00,2024-12-13 03:30:23.567421
359956,MOVE,Movement,1419697304.00,0.6309690000,11.36,558565756.00,2024-12-13 03:30:23.585071
315957,STAU,STAU,1260527796.00,0.1264360000,18.88,199632.00,2024-12-13 03:30:23.590211
320296,AGENTFUN,AgentFun.AI,588068209.00,5.8700000000,16.59,301688.00,2024-12-13 03:30:23.619870
372387,ME,Magic Eden,579471585.00,4.3700000000,-8.47,1025115445.00,2024-12-13 03:30:23.621868
153,USDC.E,Bridged USDC (Polygon PoS Bridge),397955668.00,1.0010000000,0.03,43967526.00,2024-12-13 03:30:24.116667
320409,SHIRO,Shiro Neko,273620794.00,2.714E-7,5.08,3194612.00,2024-12-13 03:30:24.141081
360338,REZ,Renzo,268625440.00,0.0544900000,-18.25,33712690.00,2024-12-13 03:30:24.144086
317850,SKI,Ski Mask Dog,261924453.00,0.2613100000,25.22,8311017.00,2024-12-13 03:30:24.145086
320611,PIN,PinLink,249113830.00,3.1300000000,1.96,5084290.00,2024-12-13 03:30:24.149085
372395,ACA,Acala,140414749.00,0.1232920000,20.72,47652917.00,2024-12-12 23:49:13.784343
360194,CULT,Milady Cult Coin,248291687.00,0.0058830100,-13.04,13525580.00,2024-12-13 03:30:24.150236
360282,INSURANCE,INSURANCE,206585684.00,11.1100000000,20.93,73454.00,2024-12-13 03:30:24.161330
372388,GRIFFAIN,GRIFFAIN,202730270.00,0.2046670000,56.68,50003640.00,2024-12-13 03:30:24.162328
372392,KOMA,Koma Inu,142843127.00,0.1434590000,-13.48,34214356.00,2024-12-12 19:17:46.253832
360366,XION,XION,142171618.00,5.5600000000,-7.54,57850476.00,2024-12-12 19:17:46.254832
372389,CTF,Crypto Trading Fund,182375936.00,1.5200000000,29.22,97551.00,2024-12-13 03:30:24.175407
372391,GME,GME (Ethereum),161808658.00,0.0003938500,-0.22,2619467.00,2024-12-13 03:30:24.185915
320551,OMI,ECOMI,160954167.00,0.0005926700,57.04,2405005.00,2024-12-13 03:30:24.186915
360270,VERUM,Verum Coin,160090711.00,1715.8700000000,87.15,312280.00,2024-12-13 03:30:24.187914
